passengerid,survived,pclass,sex,age,sibsp,parch,ticket,fare,cabin,embarked_C,embarked_Q,embarked_S
1,0,3,male,22.0,1,0,A/5 21171,7.25,,False,False,True
2,1,1,female,38.0,1,0,PC 17599,71.2833,C85,True,False,False
3,1,3,female,26.0,0,0,STON/O2. 3101282,7.925,,False,False,True
4,1,1,female,35.0,1,0,113803,53.1,C123,False,False,True
5,0,3,male,35.0,0,0,373450,8.05,,False,False,True
6,0,3,male,29.69911764705882,0,0,330877,8.4583,,False,True,False
7,0,1,male,54.0,0,0,17463,51.8625,E46,False,False,True
8,0,3,male,2.0,3,1,349909,21.075,,False,False,True
9,1,3,female,27.0,0,2,347742,11.1333,,False,False,True
10,1,2,female,14.0,1,0,237736,30.0708,,True,False,False
11,1,3,female,4.0,1,1,PP 9549,16.7,G6,False,False,True
12,1,1,female,58.0,0,0,113783,26.55,C103,False,False,True
13,0,3,male,20.0,0,0,A/5. 2151,8.05,,False,False,True
14,0,3,male,39.0,1,5,347082,31.275,,False,False,True
15,0,3,female,14.0,0,0,350406,7.8542,,False,False,True
16,1,2,female,55.0,0,0,248706,16.0,,False,False,True
17,0,3,male,2.0,4,1,382652,29.125,,False,True,False
18,1,2,male,29.69911764705882,0,0,244373,13.0,,False,False,True
19,0,3,female,31.0,1,0,345763,18.0,,False,False,True
20,1,3,female,29.69911764705882,0,0,2649,7.225,,True,False,False
21,0,2,male,35.0,0,0,239865,26.0,,False,False,True
22,1,2,male,34.0,0,0,248698,13.0,D56,False,False,True
23,1,3,female,15.0,0,0,330923,8.0292,,False,True,False
24,1,1,male,28.0,0,0,113788,35.5,A6,False,False,True
25,0,3,female,8.0,3,1,349909,21.075,,False,False,True
26,1,3,female,38.0,1,5,347077,31.3875,,False,False,True
27,0,3,male,29.69911764705882,0,0,2631,7.225,,True,False,False
28,0,1,male,19.0,3,2,19950,263.0,C23 C25 C27,False,False,True
29,1,3,female,29.69911764705882,0,0,330959,7.8792,,False,True,False
30,0,3,male,29.69911764705882,0,0,349216,7.8958,,False,False,True
31,0,1,male,40.0,0,0,PC 17601,27.7208,,True,False,False
32,1,1,female,29.69911764705882,1,0,PC 17569,146.5208,B78,True,False,False
33,1,3,female,29.69911764705882,0,0,335677,7.75,,False,True,False
34,0,2,male,66.0,0,0,C.A. 24579,10.5,,False,False,True
35,0,1,male,28.0,1,0,PC 17604,82.1708,,True,False,False
36,0,1,male,42.0,1,0,113789,52.0,,False,False,True
37,1,3,male,29.69911764705882,0,0,2677,7.2292,,True,False,False
38,0,3,male,21.0,0,0,A./5. 2152,8.05,,False,False,True
39,0,3,female,18.0,2,0,345764,18.0,,False,False,True
40,1,3,female,14.0,1,0,2651,11.2417,,True,False,False
41,0,3,female,40.0,1,0,7546,9.475,,False,False,True
42,0,2,female,27.0,1,0,11668,21.0,,False,False,True
43,0,3,male,29.69911764705882,0,0,349253,7.8958,,True,False,False
44,1,2,female,3.0,1,2,SC/Paris 2123,41.5792,,True,False,False
45,1,3,female,19.0,0,0,330958,7.8792,,False,True,False
46,0,3,male,29.69911764705882,0,0,S.C./A.4. 23567,8.05,,False,False,True
47,0,3,male,29.69911764705882,1,0,370371,15.5,,False,True,False
48,1,3,female,29.69911764705882,0,0,14311,7.75,,False,True,False
49,0,3,male,29.69911764705882,2,0,2662,21.6792,,True,False,False
50,0,3,female,18.0,1,0,349237,17.8,,False,False,True
51,0,3,male,7.0,4,1,3101295,39.6875,,False,False,True
52,0,3,male,21.0,0,0,A/4. 39886,7.8,,False,False,True
53,1,1,female,49.0,1,0,PC 17572,76.7292,D33,True,False,False
54,1,2,female,29.0,1,0,2926,26.0,,False,False,True
55,0,1,male,65.0,0,1,113509,61.9792,B30,True,False,False
56,1,1,male,29.69911764705882,0,0,19947,35.5,C52,False,False,True
57,1,2,female,21.0,0,0,C.A. 31026,10.5,,False,False,True
58,0,3,male,28.5,0,0,2697,7.2292,,True,False,False
59,1,2,female,5.0,1,2,C.A. 34651,27.75,,False,False,True
60,0,3,male,11.0,5,2,CA 2144,46.9,,False,False,True
61,0,3,male,22.0,0,0,2669,7.2292,,True,False,False
62,1,1,female,38.0,0,0,113572,80.0,B28,False,False,False
63,0,1,male,45.0,1,0,36973,83.475,C83,False,False,True
64,0,3,male,4.0,3,2,347088,27.9,,False,False,True
65,0,1,male,29.69911764705882,0,0,PC 17605,27.7208,,True,False,False
66,1,3,male,29.69911764705882,1,1,2661,15.2458,,True,False,False
67,1,2,female,29.0,0,0,C.A. 29395,10.5,F33,False,False,True
68,0,3,male,19.0,0,0,S.P. 3464,8.1583,,False,False,True
69,1,3,female,17.0,4,2,3101281,7.925,,False,False,True
70,0,3,male,26.0,2,0,315151,8.6625,,False,False,True
71,0,2,male,32.0,0,0,C.A. 33111,10.5,,False,False,True
72,0,3,female,16.0,5,2,CA 2144,46.9,,False,False,True
73,0,2,male,21.0,0,0,S.O.C. 14879,73.5,,False,False,True
74,0,3,male,26.0,1,0,2680,14.4542,,True,False,False
75,1,3,male,32.0,0,0,1601,56.4958,,False,False,True
76,0,3,male,25.0,0,0,348123,7.65,F G73,False,False,True
77,0,3,male,29.69911764705882,0,0,349208,7.8958,,False,False,True
78,0,3,male,29.69911764705882,0,0,374746,8.05,,False,False,True
79,1,2,male,0.83,0,2,248738,29.0,,False,False,True
80,1,3,female,30.0,0,0,364516,12.475,,False,False,True
81,0,3,male,22.0,0,0,345767,9.0,,False,False,True
82,1,3,male,29.0,0,0,345779,9.5,,False,False,True
83,1,3,female,29.69911764705882,0,0,330932,7.7875,,False,True,False
84,0,1,male,28.0,0,0,113059,47.1,,False,False,True
85,1,2,female,17.0,0,0,SO/C 14885,10.5,,False,False,True
86,1,3,female,33.0,3,0,3101278,15.85,,False,False,True
87,0,3,male,16.0,1,3,W./C. 6608,34.375,,False,False,True
88,0,3,male,29.69911764705882,0,0,SOTON/OQ 392086,8.05,,False,False,True
89,1,1,female,23.0,3,2,19950,263.0,C23 C25 C27,False,False,True
90,0,3,male,24.0,0,0,343275,8.05,,False,False,True
91,0,3,male,29.0,0,0,343276,8.05,,False,False,True
92,0,3,male,20.0,0,0,347466,7.8542,,False,False,True
93,0,1,male,46.0,1,0,W.E.P. 5734,61.175,E31,False,False,True
94,0,3,male,26.0,1,2,C.A. 2315,20.575,,False,False,True
95,0,3,male,59.0,0,0,364500,7.25,,False,False,True
96,0,3,male,29.69911764705882,0,0,374910,8.05,,False,False,True
97,0,1,male,71.0,0,0,PC 17754,34.6542,A5,True,False,False
98,1,1,male,23.0,0,1,PC 17759,63.3583,D10 D12,True,False,False
99,1,2,female,34.0,0,1,231919,23.0,,False,False,True
100,0,2,male,34.0,1,0,244367,26.0,,False,False,True
101,0,3,female,28.0,0,0,349245,7.8958,,False,False,True
102,0,3,male,29.69911764705882,0,0,349215,7.8958,,False,False,True
103,0,1,male,21.0,0,1,35281,77.2875,D26,False,False,True
104,0,3,male,33.0,0,0,7540,8.6542,,False,False,True
105,0,3,male,37.0,2,0,3101276,7.925,,False,False,True
106,0,3,male,28.0,0,0,349207,7.8958,,False,False,True
107,1,3,female,21.0,0,0,343120,7.65,,False,False,True
108,1,3,male,29.69911764705882,0,0,312991,7.775,,False,False,True
109,0,3,male,38.0,0,0,349249,7.8958,,False,False,True
110,1,3,female,29.69911764705882,1,0,371110,24.15,,False,True,False
111,0,1,male,47.0,0,0,110465,52.0,C110,False,False,True
112,0,3,female,14.5,1,0,2665,14.4542,,True,False,False
113,0,3,male,22.0,0,0,324669,8.05,,False,False,True
114,0,3,female,20.0,1,0,4136,9.825,,False,False,True
115,0,3,female,17.0,0,0,2627,14.4583,,True,False,False
116,0,3,male,21.0,0,0,STON/O 2. 3101294,7.925,,False,False,True
117,0,3,male,70.5,0,0,370369,7.75,,False,True,False
118,0,2,male,29.0,1,0,11668,21.0,,False,False,True
119,0,1,male,24.0,0,1,PC 17558,247.5208,B58 B60,True,False,False
120,0,3,female,2.0,4,2,347082,31.275,,False,False,True
121,0,2,male,21.0,2,0,S.O.C. 14879,73.5,,False,False,True
122,0,3,male,29.69911764705882,0,0,A4. 54510,8.05,,False,False,True
123,0,2,male,32.5,1,0,237736,30.0708,,True,False,False
124,1,2,female,32.5,0,0,27267,13.0,E101,False,False,True
125,0,1,male,54.0,0,1,35281,77.2875,D26,False,False,True
126,1,3,male,12.0,1,0,2651,11.2417,,True,False,False
127,0,3,male,29.69911764705882,0,0,370372,7.75,,False,True,False
128,1,3,male,24.0,0,0,C 17369,7.1417,,False,False,True
129,1,3,female,29.69911764705882,1,1,2668,22.3583,F E69,True,False,False
130,0,3,male,45.0,0,0,347061,6.975,,False,False,True
131,0,3,male,33.0,0,0,349241,7.8958,,True,False,False
132,0,3,male,20.0,0,0,SOTON/O.Q. 3101307,7.05,,False,False,True
133,0,3,female,47.0,1,0,A/5. 3337,14.5,,False,False,True
134,1,2,female,29.0,1,0,228414,26.0,,False,False,True
135,0,2,male,25.0,0,0,C.A. 29178,13.0,,False,False,True
136,0,2,male,23.0,0,0,SC/PARIS 2133,15.0458,,True,False,False
137,1,1,female,19.0,0,2,11752,26.2833,D47,False,False,True
138,0,1,male,37.0,1,0,113803,53.1,C123,False,False,True
139,0,3,male,16.0,0,0,7534,9.2167,,False,False,True
140,0,1,male,24.0,0,0,PC 17593,79.2,B86,True,False,False
141,0,3,female,29.69911764705882,0,2,2678,15.2458,,True,False,False
142,1,3,female,22.0,0,0,347081,7.75,,False,False,True
143,1,3,female,24.0,1,0,STON/O2. 3101279,15.85,,False,False,True
144,0,3,male,19.0,0,0,365222,6.75,,False,True,False
145,0,2,male,18.0,0,0,231945,11.5,,False,False,True
146,0,2,male,19.0,1,1,C.A. 33112,36.75,,False,False,True
147,1,3,male,27.0,0,0,350043,7.7958,,False,False,True
148,0,3,female,9.0,2,2,W./C. 6608,34.375,,False,False,True
149,0,2,male,36.5,0,2,230080,26.0,F2,False,False,True
150,0,2,male,42.0,0,0,244310,13.0,,False,False,True
151,0,2,male,51.0,0,0,S.O.P. 1166,12.525,,False,False,True
152,1,1,female,22.0,1,0,113776,66.6,C2,False,False,True
153,0,3,male,55.5,0,0,A.5. 11206,8.05,,False,False,True
154,0,3,male,40.5,0,2,A/5. 851,14.5,,False,False,True
155,0,3,male,29.69911764705882,0,0,Fa 265302,7.3125,,False,False,True
156,0,1,male,51.0,0,1,PC 17597,61.3792,,True,False,False
157,1,3,female,16.0,0,0,35851,7.7333,,False,True,False
158,0,3,male,30.0,0,0,SOTON/OQ 392090,8.05,,False,False,True
159,0,3,male,29.69911764705882,0,0,315037,8.6625,,False,False,True
160,0,3,male,29.69911764705882,8,2,CA. 2343,69.55,,False,False,True
161,0,3,male,44.0,0,1,371362,16.1,,False,False,True
162,1,2,female,40.0,0,0,C.A. 33595,15.75,,False,False,True
163,0,3,male,26.0,0,0,347068,7.775,,False,False,True
164,0,3,male,17.0,0,0,315093,8.6625,,False,False,True
165,0,3,male,1.0,4,1,3101295,39.6875,,False,False,True
166,1,3,male,9.0,0,2,363291,20.525,,False,False,True
167,1,1,female,29.69911764705882,0,1,113505,55.0,E33,False,False,True
168,0,3,female,45.0,1,4,347088,27.9,,False,False,True
169,0,1,male,29.69911764705882,0,0,PC 17318,25.925,,False,False,True
170,0,3,male,28.0,0,0,1601,56.4958,,False,False,True
171,0,1,male,61.0,0,0,111240,33.5,B19,False,False,True
172,0,3,male,4.0,4,1,382652,29.125,,False,True,False
173,1,3,female,1.0,1,1,347742,11.1333,,False,False,True
174,0,3,male,21.0,0,0,STON/O 2. 3101280,7.925,,False,False,True
175,0,1,male,56.0,0,0,17764,30.6958,A7,True,False,False
176,0,3,male,18.0,1,1,350404,7.8542,,False,False,True
177,0,3,male,29.69911764705882,3,1,4133,25.4667,,False,False,True
178,0,1,female,50.0,0,0,PC 17595,28.7125,C49,True,False,False
179,0,2,male,30.0,0,0,250653,13.0,,False,False,True
180,0,3,male,36.0,0,0,LINE,0.0,,False,False,True
181,0,3,female,29.69911764705882,8,2,CA. 2343,69.55,,False,False,True
182,0,2,male,29.69911764705882,0,0,SC/PARIS 2131,15.05,,True,False,False
183,0,3,male,9.0,4,2,347077,31.3875,,False,False,True
184,1,2,male,1.0,2,1,230136,39.0,F4,False,False,True
185,1,3,female,4.0,0,2,315153,22.025,,False,False,True
186,0,1,male,29.69911764705882,0,0,113767,50.0,A32,False,False,True
187,1,3,female,29.69911764705882,1,0,370365,15.5,,False,True,False
188,1,1,male,45.0,0,0,111428,26.55,,False,False,True
189,0,3,male,40.0,1,1,364849,15.5,,False,True,False
190,0,3,male,36.0,0,0,349247,7.8958,,False,False,True
191,1,2,female,32.0,0,0,234604,13.0,,False,False,True
192,0,2,male,19.0,0,0,28424,13.0,,False,False,True
193,1,3,female,19.0,1,0,350046,7.8542,,False,False,True
194,1,2,male,3.0,1,1,230080,26.0,F2,False,False,True
195,1,1,female,44.0,0,0,PC 17610,27.7208,B4,True,False,False
196,1,1,female,58.0,0,0,PC 17569,146.5208,B80,True,False,False
197,0,3,male,29.69911764705882,0,0,368703,7.75,,False,True,False
198,0,3,male,42.0,0,1,4579,8.4042,,False,False,True
199,1,3,female,29.69911764705882,0,0,370370,7.75,,False,True,False
200,0,2,female,24.0,0,0,248747,13.0,,False,False,True
201,0,3,male,28.0,0,0,345770,9.5,,False,False,True
202,0,3,male,29.69911764705882,8,2,CA. 2343,69.55,,False,False,True
203,0,3,male,34.0,0,0,3101264,6.4958,,False,False,True
204,0,3,male,45.5,0,0,2628,7.225,,True,False,False
205,1,3,male,18.0,0,0,A/5 3540,8.05,,False,False,True
206,0,3,female,2.0,0,1,347054,10.4625,G6,False,False,True
207,0,3,male,32.0,1,0,3101278,15.85,,False,False,True
208,1,3,male,26.0,0,0,2699,18.7875,,True,False,False
209,1,3,female,16.0,0,0,367231,7.75,,False,True,False
210,1,1,male,40.0,0,0,112277,31.0,A31,True,False,False
211,0,3,male,24.0,0,0,SOTON/O.Q. 3101311,7.05,,False,False,True
212,1,2,female,35.0,0,0,F.C.C. 13528,21.0,,False,False,True
213,0,3,male,22.0,0,0,A/5 21174,7.25,,False,False,True
214,0,2,male,30.0,0,0,250646,13.0,,False,False,True
215,0,3,male,29.69911764705882,1,0,367229,7.75,,False,True,False
216,1,1,female,31.0,1,0,35273,113.275,D36,True,False,False
217,1,3,female,27.0,0,0,STON/O2. 3101283,7.925,,False,False,True
218,0,2,male,42.0,1,0,243847,27.0,,False,False,True
219,1,1,female,32.0,0,0,11813,76.2917,D15,True,False,False
220,0,2,male,30.0,0,0,W/C 14208,10.5,,False,False,True
221,1,3,male,16.0,0,0,SOTON/OQ 392089,8.05,,False,False,True
222,0,2,male,27.0,0,0,220367,13.0,,False,False,True
223,0,3,male,51.0,0,0,21440,8.05,,False,False,True
224,0,3,male,29.69911764705882,0,0,349234,7.8958,,False,False,True
225,1,1,male,38.0,1,0,19943,90.0,C93,False,False,True
226,0,3,male,22.0,0,0,PP 4348,9.35,,False,False,True
227,1,2,male,19.0,0,0,SW/PP 751,10.5,,False,False,True
228,0,3,male,20.5,0,0,A/5 21173,7.25,,False,False,True
229,0,2,male,18.0,0,0,236171,13.0,,False,False,True
230,0,3,female,29.69911764705882,3,1,4133,25.4667,,False,False,True
231,1,1,female,35.0,1,0,36973,83.475,C83,False,False,True
232,0,3,male,29.0,0,0,347067,7.775,,False,False,True
233,0,2,male,59.0,0,0,237442,13.5,,False,False,True
234,1,3,female,5.0,4,2,347077,31.3875,,False,False,True
235,0,2,male,24.0,0,0,C.A. 29566,10.5,,False,False,True
236,0,3,female,29.69911764705882,0,0,W./C. 6609,7.55,,False,False,True
237,0,2,male,44.0,1,0,26707,26.0,,False,False,True
238,1,2,female,8.0,0,2,C.A. 31921,26.25,,False,False,True
239,0,2,male,19.0,0,0,28665,10.5,,False,False,True
240,0,2,male,33.0,0,0,SCO/W 1585,12.275,,False,False,True
241,0,3,female,29.69911764705882,1,0,2665,14.4542,,True,False,False
242,1,3,female,29.69911764705882,1,0,367230,15.5,,False,True,False
243,0,2,male,29.0,0,0,W./C. 14263,10.5,,False,False,True
244,0,3,male,22.0,0,0,STON/O 2. 3101275,7.125,,False,False,True
245,0,3,male,30.0,0,0,2694,7.225,,True,False,False
246,0,1,male,44.0,2,0,19928,90.0,C78,False,True,False
247,0,3,female,25.0,0,0,347071,7.775,,False,False,True
248,1,2,female,24.0,0,2,250649,14.5,,False,False,True
249,1,1,male,37.0,1,1,11751,52.5542,D35,False,False,True
250,0,2,male,54.0,1,0,244252,26.0,,False,False,True
251,0,3,male,29.69911764705882,0,0,362316,7.25,,False,False,True
252,0,3,female,29.0,1,1,347054,10.4625,G6,False,False,True
253,0,1,male,62.0,0,0,113514,26.55,C87,False,False,True
254,0,3,male,30.0,1,0,A/5. 3336,16.1,,False,False,True
255,0,3,female,41.0,0,2,370129,20.2125,,False,False,True
256,1,3,female,29.0,0,2,2650,15.2458,,True,False,False
257,1,1,female,29.69911764705882,0,0,PC 17585,79.2,,True,False,False
258,1,1,female,30.0,0,0,110152,86.5,B77,False,False,True
259,1,1,female,35.0,0,0,PC 17755,512.3292,,True,False,False
260,1,2,female,50.0,0,1,230433,26.0,,False,False,True
261,0,3,male,29.69911764705882,0,0,384461,7.75,,False,True,False
262,1,3,male,3.0,4,2,347077,31.3875,,False,False,True
263,0,1,male,52.0,1,1,110413,79.65,E67,False,False,True
264,0,1,male,40.0,0,0,112059,0.0,B94,False,False,True
265,0,3,female,29.69911764705882,0,0,382649,7.75,,False,True,False
266,0,2,male,36.0,0,0,C.A. 17248,10.5,,False,False,True
267,0,3,male,16.0,4,1,3101295,39.6875,,False,False,True
268,1,3,male,25.0,1,0,347083,7.775,,False,False,True
269,1,1,female,58.0,0,1,PC 17582,153.4625,C125,False,False,True
270,1,1,female,35.0,0,0,PC 17760,135.6333,C99,False,False,True
271,0,1,male,29.69911764705882,0,0,113798,31.0,,False,False,True
272,1,3,male,25.0,0,0,LINE,0.0,,False,False,True
273,1,2,female,41.0,0,1,250644,19.5,,False,False,True
274,0,1,male,37.0,0,1,PC 17596,29.7,C118,True,False,False
275,1,3,female,29.69911764705882,0,0,370375,7.75,,False,True,False
276,1,1,female,63.0,1,0,13502,77.9583,D7,False,False,True
277,0,3,female,45.0,0,0,347073,7.75,,False,False,True
278,0,2,male,29.69911764705882,0,0,239853,0.0,,False,False,True
279,0,3,male,7.0,4,1,382652,29.125,,False,True,False
280,1,3,female,35.0,1,1,C.A. 2673,20.25,,False,False,True
281,0,3,male,65.0,0,0,336439,7.75,,False,True,False
282,0,3,male,28.0,0,0,347464,7.8542,,False,False,True
283,0,3,male,16.0,0,0,345778,9.5,,False,False,True
284,1,3,male,19.0,0,0,A/5. 10482,8.05,,False,False,True
285,0,1,male,29.69911764705882,0,0,113056,26.0,A19,False,False,True
286,0,3,male,33.0,0,0,349239,8.6625,,True,False,False
287,1,3,male,30.0,0,0,345774,9.5,,False,False,True
288,0,3,male,22.0,0,0,349206,7.8958,,False,False,True
289,1,2,male,42.0,0,0,237798,13.0,,False,False,True
290,1,3,female,22.0,0,0,370373,7.75,,False,True,False
291,1,1,female,26.0,0,0,19877,78.85,,False,False,True
292,1,1,female,19.0,1,0,11967,91.0792,B49,True,False,False
293,0,2,male,36.0,0,0,SC/Paris 2163,12.875,D,True,False,False
294,0,3,female,24.0,0,0,349236,8.85,,False,False,True
295,0,3,male,24.0,0,0,349233,7.8958,,False,False,True
296,0,1,male,29.69911764705882,0,0,PC 17612,27.7208,,True,False,False
297,0,3,male,23.5,0,0,2693,7.2292,,True,False,False
298,0,1,female,2.0,1,2,113781,151.55,C22 C26,False,False,True
299,1,1,male,29.69911764705882,0,0,19988,30.5,C106,False,False,True
300,1,1,female,50.0,0,1,PC 17558,247.5208,B58 B60,True,False,False
301,1,3,female,29.69911764705882,0,0,9234,7.75,,False,True,False
302,1,3,male,29.69911764705882,2,0,367226,23.25,,False,True,False
303,0,3,male,19.0,0,0,LINE,0.0,,False,False,True
304,1,2,female,29.69911764705882,0,0,226593,12.35,E101,False,True,False
305,0,3,male,29.69911764705882,0,0,A/5 2466,8.05,,False,False,True
306,1,1,male,0.92,1,2,113781,151.55,C22 C26,False,False,True
307,1,1,female,29.69911764705882,0,0,17421,110.8833,,True,False,False
308,1,1,female,17.0,1,0,PC 17758,108.9,C65,True,False,False
309,0,2,male,30.0,1,0,P/PP 3381,24.0,,True,False,False
310,1,1,female,30.0,0,0,PC 17485,56.9292,E36,True,False,False
311,1,1,female,24.0,0,0,11767,83.1583,C54,True,False,False
312,1,1,female,18.0,2,2,PC 17608,262.375,B57 B59 B63 B66,True,False,False
313,0,2,female,26.0,1,1,250651,26.0,,False,False,True
314,0,3,male,28.0,0,0,349243,7.8958,,False,False,True
315,0,2,male,43.0,1,1,F.C.C. 13529,26.25,,False,False,True
316,1,3,female,26.0,0,0,347470,7.8542,,False,False,True
317,1,2,female,24.0,1,0,244367,26.0,,False,False,True
318,0,2,male,54.0,0,0,29011,14.0,,False,False,True
319,1,1,female,31.0,0,2,36928,164.8667,C7,False,False,True
320,1,1,female,40.0,1,1,16966,134.5,E34,True,False,False
321,0,3,male,22.0,0,0,A/5 21172,7.25,,False,False,True
322,0,3,male,27.0,0,0,349219,7.8958,,False,False,True
323,1,2,female,30.0,0,0,234818,12.35,,False,True,False
324,1,2,female,22.0,1,1,248738,29.0,,False,False,True
325,0,3,male,29.69911764705882,8,2,CA. 2343,69.55,,False,False,True
326,1,1,female,36.0,0,0,PC 17760,135.6333,C32,True,False,False
327,0,3,male,61.0,0,0,345364,6.2375,,False,False,True
328,1,2,female,36.0,0,0,28551,13.0,D,False,False,True
329,1,3,female,31.0,1,1,363291,20.525,,False,False,True
330,1,1,female,16.0,0,1,111361,57.9792,B18,True,False,False
331,1,3,female,29.69911764705882,2,0,367226,23.25,,False,True,False
332,0,1,male,45.5,0,0,113043,28.5,C124,False,False,True
333,0,1,male,38.0,0,1,PC 17582,153.4625,C91,False,False,True
334,0,3,male,16.0,2,0,345764,18.0,,False,False,True
335,1,1,female,29.69911764705882,1,0,PC 17611,133.65,,False,False,True
336,0,3,male,29.69911764705882,0,0,349225,7.8958,,False,False,True
337,0,1,male,29.0,1,0,113776,66.6,C2,False,False,True
338,1,1,female,41.0,0,0,16966,134.5,E40,True,False,False
339,1,3,male,45.0,0,0,7598,8.05,,False,False,True
340,0,1,male,45.0,0,0,113784,35.5,T,False,False,True
341,1,2,male,2.0,1,1,230080,26.0,F2,False,False,True
342,1,1,female,24.0,3,2,19950,263.0,C23 C25 C27,False,False,True
343,0,2,male,28.0,0,0,248740,13.0,,False,False,True
344,0,2,male,25.0,0,0,244361,13.0,,False,False,True
345,0,2,male,36.0,0,0,229236,13.0,,False,False,True
346,1,2,female,24.0,0,0,248733,13.0,F33,False,False,True
347,1,2,female,40.0,0,0,31418,13.0,,False,False,True
348,1,3,female,29.69911764705882,1,0,386525,16.1,,False,False,True
349,1,3,male,3.0,1,1,C.A. 37671,15.9,,False,False,True
350,0,3,male,42.0,0,0,315088,8.6625,,False,False,True
351,0,3,male,23.0,0,0,7267,9.225,,False,False,True
352,0,1,male,29.69911764705882,0,0,113510,35.0,C128,False,False,True
353,0,3,male,15.0,1,1,2695,7.2292,,True,False,False
354,0,3,male,25.0,1,0,349237,17.8,,False,False,True
355,0,3,male,29.69911764705882,0,0,2647,7.225,,True,False,False
356,0,3,male,28.0,0,0,345783,9.5,,False,False,True
357,1,1,female,22.0,0,1,113505,55.0,E33,False,False,True
358,0,2,female,38.0,0,0,237671,13.0,,False,False,True
359,1,3,female,29.69911764705882,0,0,330931,7.8792,,False,True,False
360,1,3,female,29.69911764705882,0,0,330980,7.8792,,False,True,False
361,0,3,male,40.0,1,4,347088,27.9,,False,False,True
362,0,2,male,29.0,1,0,SC/PARIS 2167,27.7208,,True,False,False
363,0,3,female,45.0,0,1,2691,14.4542,,True,False,False
364,0,3,male,35.0,0,0,SOTON/O.Q. 3101310,7.05,,False,False,True
365,0,3,male,29.69911764705882,1,0,370365,15.5,,False,True,False
366,0,3,male,30.0,0,0,C 7076,7.25,,False,False,True
367,1,1,female,60.0,1,0,110813,75.25,D37,True,False,False
368,1,3,female,29.69911764705882,0,0,2626,7.2292,,True,False,False
369,1,3,female,29.69911764705882,0,0,14313,7.75,,False,True,False
370,1,1,female,24.0,0,0,PC 17477,69.3,B35,True,False,False
371,1,1,male,25.0,1,0,11765,55.4417,E50,True,False,False
372,0,3,male,18.0,1,0,3101267,6.4958,,False,False,True
373,0,3,male,19.0,0,0,323951,8.05,,False,False,True
374,0,1,male,22.0,0,0,PC 17760,135.6333,,True,False,False
375,0,3,female,3.0,3,1,349909,21.075,,False,False,True
376,1,1,female,29.69911764705882,1,0,PC 17604,82.1708,,True,False,False
377,1,3,female,22.0,0,0,C 7077,7.25,,False,False,True
378,0,1,male,27.0,0,2,113503,211.5,C82,True,False,False
379,0,3,male,20.0,0,0,2648,4.0125,,True,False,False
380,0,3,male,19.0,0,0,347069,7.775,,False,False,True
381,1,1,female,42.0,0,0,PC 17757,227.525,,True,False,False
382,1,3,female,1.0,0,2,2653,15.7417,,True,False,False
383,0,3,male,32.0,0,0,STON/O 2. 3101293,7.925,,False,False,True
384,1,1,female,35.0,1,0,113789,52.0,,False,False,True
385,0,3,male,29.69911764705882,0,0,349227,7.8958,,False,False,True
386,0,2,male,18.0,0,0,S.O.C. 14879,73.5,,False,False,True
387,0,3,male,1.0,5,2,CA 2144,46.9,,False,False,True
388,1,2,female,36.0,0,0,27849,13.0,,False,False,True
389,0,3,male,29.69911764705882,0,0,367655,7.7292,,False,True,False
390,1,2,female,17.0,0,0,SC 1748,12.0,,True,False,False
391,1,1,male,36.0,1,2,113760,120.0,B96 B98,False,False,True
392,1,3,male,21.0,0,0,350034,7.7958,,False,False,True
393,0,3,male,28.0,2,0,3101277,7.925,,False,False,True
394,1,1,female,23.0,1,0,35273,113.275,D36,True,False,False
395,1,3,female,24.0,0,2,PP 9549,16.7,G6,False,False,True
396,0,3,male,22.0,0,0,350052,7.7958,,False,False,True
397,0,3,female,31.0,0,0,350407,7.8542,,False,False,True
398,0,2,male,46.0,0,0,28403,26.0,,False,False,True
399,0,2,male,23.0,0,0,244278,10.5,,False,False,True
400,1,2,female,28.0,0,0,240929,12.65,,False,False,True
401,1,3,male,39.0,0,0,STON/O 2. 3101289,7.925,,False,False,True
402,0,3,male,26.0,0,0,341826,8.05,,False,False,True
403,0,3,female,21.0,1,0,4137,9.825,,False,False,True
404,0,3,male,28.0,1,0,STON/O2. 3101279,15.85,,False,False,True
405,0,3,female,20.0,0,0,315096,8.6625,,False,False,True
406,0,2,male,34.0,1,0,28664,21.0,,False,False,True
407,0,3,male,51.0,0,0,347064,7.75,,False,False,True
408,1,2,male,3.0,1,1,29106,18.75,,False,False,True
409,0,3,male,21.0,0,0,312992,7.775,,False,False,True
410,0,3,female,29.69911764705882,3,1,4133,25.4667,,False,False,True
411,0,3,male,29.69911764705882,0,0,349222,7.8958,,False,False,True
412,0,3,male,29.69911764705882,0,0,394140,6.8583,,False,True,False
413,1,1,female,33.0,1,0,19928,90.0,C78,False,True,False
414,0,2,male,29.69911764705882,0,0,239853,0.0,,False,False,True
415,1,3,male,44.0,0,0,STON/O 2. 3101269,7.925,,False,False,True
416,0,3,female,29.69911764705882,0,0,343095,8.05,,False,False,True
417,1,2,female,34.0,1,1,28220,32.5,,False,False,True
418,1,2,female,18.0,0,2,250652,13.0,,False,False,True
419,0,2,male,30.0,0,0,28228,13.0,,False,False,True
420,0,3,female,10.0,0,2,345773,24.15,,False,False,True
421,0,3,male,29.69911764705882,0,0,349254,7.8958,,True,False,False
422,0,3,male,21.0,0,0,A/5. 13032,7.7333,,False,True,False
423,0,3,male,29.0,0,0,315082,7.875,,False,False,True
424,0,3,female,28.0,1,1,347080,14.4,,False,False,True
425,0,3,male,18.0,1,1,370129,20.2125,,False,False,True
426,0,3,male,29.69911764705882,0,0,A/4. 34244,7.25,,False,False,True
427,1,2,female,28.0,1,0,2003,26.0,,False,False,True
428,1,2,female,19.0,0,0,250655,26.0,,False,False,True
429,0,3,male,29.69911764705882,0,0,364851,7.75,,False,True,False
430,1,3,male,32.0,0,0,SOTON/O.Q. 392078,8.05,E10,False,False,True
431,1,1,male,28.0,0,0,110564,26.55,C52,False,False,True
432,1,3,female,29.69911764705882,1,0,376564,16.1,,False,False,True
433,1,2,female,42.0,1,0,SC/AH 3085,26.0,,False,False,True
434,0,3,male,17.0,0,0,STON/O 2. 3101274,7.125,,False,False,True
435,0,1,male,50.0,1,0,13507,55.9,E44,False,False,True
436,1,1,female,14.0,1,2,113760,120.0,B96 B98,False,False,True
437,0,3,female,21.0,2,2,W./C. 6608,34.375,,False,False,True
438,1,2,female,24.0,2,3,29106,18.75,,False,False,True
439,0,1,male,64.0,1,4,19950,263.0,C23 C25 C27,False,False,True
440,0,2,male,31.0,0,0,C.A. 18723,10.5,,False,False,True
441,1,2,female,45.0,1,1,F.C.C. 13529,26.25,,False,False,True
442,0,3,male,20.0,0,0,345769,9.5,,False,False,True
443,0,3,male,25.0,1,0,347076,7.775,,False,False,True
444,1,2,female,28.0,0,0,230434,13.0,,False,False,True
445,1,3,male,29.69911764705882,0,0,65306,8.1125,,False,False,True
446,1,1,male,4.0,0,2,33638,81.8583,A34,False,False,True
447,1,2,female,13.0,0,1,250644,19.5,,False,False,True
448,1,1,male,34.0,0,0,113794,26.55,,False,False,True
449,1,3,female,5.0,2,1,2666,19.2583,,True,False,False
450,1,1,male,52.0,0,0,113786,30.5,C104,False,False,True
451,0,2,male,36.0,1,2,C.A. 34651,27.75,,False,False,True
452,0,3,male,29.69911764705882,1,0,65303,19.9667,,False,False,True
453,0,1,male,30.0,0,0,113051,27.75,C111,True,False,False
454,1,1,male,49.0,1,0,17453,89.1042,C92,True,False,False
455,0,3,male,29.69911764705882,0,0,A/5 2817,8.05,,False,False,True
456,1,3,male,29.0,0,0,349240,7.8958,,True,False,False
457,0,1,male,65.0,0,0,13509,26.55,E38,False,False,True
458,1,1,female,29.69911764705882,1,0,17464,51.8625,D21,False,False,True
459,1,2,female,50.0,0,0,F.C.C. 13531,10.5,,False,False,True
460,0,3,male,29.69911764705882,0,0,371060,7.75,,False,True,False
461,1,1,male,48.0,0,0,19952,26.55,E12,False,False,True
462,0,3,male,34.0,0,0,364506,8.05,,False,False,True
463,0,1,male,47.0,0,0,111320,38.5,E63,False,False,True
464,0,2,male,48.0,0,0,234360,13.0,,False,False,True
465,0,3,male,29.69911764705882,0,0,A/S 2816,8.05,,False,False,True
466,0,3,male,38.0,0,0,SOTON/O.Q. 3101306,7.05,,False,False,True
467,0,2,male,29.69911764705882,0,0,239853,0.0,,False,False,True
468,0,1,male,56.0,0,0,113792,26.55,,False,False,True
469,0,3,male,29.69911764705882,0,0,36209,7.725,,False,True,False
470,1,3,female,0.75,2,1,2666,19.2583,,True,False,False
471,0,3,male,29.69911764705882,0,0,323592,7.25,,False,False,True
472,0,3,male,38.0,0,0,315089,8.6625,,False,False,True
473,1,2,female,33.0,1,2,C.A. 34651,27.75,,False,False,True
474,1,2,female,23.0,0,0,SC/AH Basle 541,13.7917,D,True,False,False
475,0,3,female,22.0,0,0,7553,9.8375,,False,False,True
476,0,1,male,29.69911764705882,0,0,110465,52.0,A14,False,False,True
477,0,2,male,34.0,1,0,31027,21.0,,False,False,True
478,0,3,male,29.0,1,0,3460,7.0458,,False,False,True
479,0,3,male,22.0,0,0,350060,7.5208,,False,False,True
480,1,3,female,2.0,0,1,3101298,12.2875,,False,False,True
481,0,3,male,9.0,5,2,CA 2144,46.9,,False,False,True
482,0,2,male,29.69911764705882,0,0,239854,0.0,,False,False,True
483,0,3,male,50.0,0,0,A/5 3594,8.05,,False,False,True
484,1,3,female,63.0,0,0,4134,9.5875,,False,False,True
485,1,1,male,25.0,1,0,11967,91.0792,B49,True,False,False
486,0,3,female,29.69911764705882,3,1,4133,25.4667,,False,False,True
487,1,1,female,35.0,1,0,19943,90.0,C93,False,False,True
488,0,1,male,58.0,0,0,11771,29.7,B37,True,False,False
489,0,3,male,30.0,0,0,A.5. 18509,8.05,,False,False,True
490,1,3,male,9.0,1,1,C.A. 37671,15.9,,False,False,True
491,0,3,male,29.69911764705882,1,0,65304,19.9667,,False,False,True
492,0,3,male,21.0,0,0,SOTON/OQ 3101317,7.25,,False,False,True
493,0,1,male,55.0,0,0,113787,30.5,C30,False,False,True
494,0,1,male,71.0,0,0,PC 17609,49.5042,,True,False,False
495,0,3,male,21.0,0,0,A/4 45380,8.05,,False,False,True
496,0,3,male,29.69911764705882,0,0,2627,14.4583,,True,False,False
497,1,1,female,54.0,1,0,36947,78.2667,D20,True,False,False
498,0,3,male,29.69911764705882,0,0,C.A. 6212,15.1,,False,False,True
499,0,1,female,25.0,1,2,113781,151.55,C22 C26,False,False,True
500,0,3,male,24.0,0,0,350035,7.7958,,False,False,True
501,0,3,male,17.0,0,0,315086,8.6625,,False,False,True
502,0,3,female,21.0,0,0,364846,7.75,,False,True,False
503,0,3,female,29.69911764705882,0,0,330909,7.6292,,False,True,False
504,0,3,female,37.0,0,0,4135,9.5875,,False,False,True
505,1,1,female,16.0,0,0,110152,86.5,B79,False,False,True
506,0,1,male,18.0,1,0,PC 17758,108.9,C65,True,False,False
507,1,2,female,33.0,0,2,26360,26.0,,False,False,True
508,1,1,male,29.69911764705882,0,0,111427,26.55,,False,False,True
509,0,3,male,28.0,0,0,C 4001,22.525,,False,False,True
510,1,3,male,26.0,0,0,1601,56.4958,,False,False,True
511,1,3,male,29.0,0,0,382651,7.75,,False,True,False
512,0,3,male,29.69911764705882,0,0,SOTON/OQ 3101316,8.05,,False,False,True
513,1,1,male,36.0,0,0,PC 17473,26.2875,E25,False,False,True
514,1,1,female,54.0,1,0,PC 17603,59.4,,True,False,False
515,0,3,male,24.0,0,0,349209,7.4958,,False,False,True
516,0,1,male,47.0,0,0,36967,34.0208,D46,False,False,True
517,1,2,female,34.0,0,0,C.A. 34260,10.5,F33,False,False,True
518,0,3,male,29.69911764705882,0,0,371110,24.15,,False,True,False
519,1,2,female,36.0,1,0,226875,26.0,,False,False,True
520,0,3,male,32.0,0,0,349242,7.8958,,False,False,True
521,1,1,female,30.0,0,0,12749,93.5,B73,False,False,True
522,0,3,male,22.0,0,0,349252,7.8958,,False,False,True
523,0,3,male,29.69911764705882,0,0,2624,7.225,,True,False,False
524,1,1,female,44.0,0,1,111361,57.9792,B18,True,False,False
525,0,3,male,29.69911764705882,0,0,2700,7.2292,,True,False,False
526,0,3,male,40.5,0,0,367232,7.75,,False,True,False
527,1,2,female,50.0,0,0,W./C. 14258,10.5,,False,False,True
528,0,1,male,29.69911764705882,0,0,PC 17483,221.7792,C95,False,False,True
529,0,3,male,39.0,0,0,3101296,7.925,,False,False,True
530,0,2,male,23.0,2,1,29104,11.5,,False,False,True
531,1,2,female,2.0,1,1,26360,26.0,,False,False,True
532,0,3,male,29.69911764705882,0,0,2641,7.2292,,True,False,False
533,0,3,male,17.0,1,1,2690,7.2292,,True,False,False
534,1,3,female,29.69911764705882,0,2,2668,22.3583,,True,False,False
535,0,3,female,30.0,0,0,315084,8.6625,,False,False,True
536,1,2,female,7.0,0,2,F.C.C. 13529,26.25,,False,False,True
537,0,1,male,45.0,0,0,113050,26.55,B38,False,False,True
538,1,1,female,30.0,0,0,PC 17761,106.425,,True,False,False
539,0,3,male,29.69911764705882,0,0,364498,14.5,,False,False,True
540,1,1,female,22.0,0,2,13568,49.5,B39,True,False,False
541,1,1,female,36.0,0,2,WE/P 5735,71.0,B22,False,False,True
542,0,3,female,9.0,4,2,347082,31.275,,False,False,True
543,0,3,female,11.0,4,2,347082,31.275,,False,False,True
544,1,2,male,32.0,1,0,2908,26.0,,False,False,True
545,0,1,male,50.0,1,0,PC 17761,106.425,C86,True,False,False
546,0,1,male,64.0,0,0,693,26.0,,False,False,True
547,1,2,female,19.0,1,0,2908,26.0,,False,False,True
548,1,2,male,29.69911764705882,0,0,SC/PARIS 2146,13.8625,,True,False,False
549,0,3,male,33.0,1,1,363291,20.525,,False,False,True
550,1,2,male,8.0,1,1,C.A. 33112,36.75,,False,False,True
551,1,1,male,17.0,0,2,17421,110.8833,C70,True,False,False
552,0,2,male,27.0,0,0,244358,26.0,,False,False,True
553,0,3,male,29.69911764705882,0,0,330979,7.8292,,False,True,False
554,1,3,male,22.0,0,0,2620,7.225,,True,False,False
555,1,3,female,22.0,0,0,347085,7.775,,False,False,True
556,0,1,male,62.0,0,0,113807,26.55,,False,False,True
557,1,1,female,48.0,1,0,11755,39.6,A16,True,False,False
558,0,1,male,29.69911764705882,0,0,PC 17757,227.525,,True,False,False
559,1,1,female,39.0,1,1,110413,79.65,E67,False,False,True
560,1,3,female,36.0,1,0,345572,17.4,,False,False,True
561,0,3,male,29.69911764705882,0,0,372622,7.75,,False,True,False
562,0,3,male,40.0,0,0,349251,7.8958,,False,False,True
563,0,2,male,28.0,0,0,218629,13.5,,False,False,True
564,0,3,male,29.69911764705882,0,0,SOTON/OQ 392082,8.05,,False,False,True
565,0,3,female,29.69911764705882,0,0,SOTON/O.Q. 392087,8.05,,False,False,True
566,0,3,male,24.0,2,0,A/4 48871,24.15,,False,False,True
567,0,3,male,19.0,0,0,349205,7.8958,,False,False,True
568,0,3,female,29.0,0,4,349909,21.075,,False,False,True
569,0,3,male,29.69911764705882,0,0,2686,7.2292,,True,False,False
570,1,3,male,32.0,0,0,350417,7.8542,,False,False,True
571,1,2,male,62.0,0,0,S.W./PP 752,10.5,,False,False,True
572,1,1,female,53.0,2,0,11769,51.4792,C101,False,False,True
573,1,1,male,36.0,0,0,PC 17474,26.3875,E25,False,False,True
574,1,3,female,29.69911764705882,0,0,14312,7.75,,False,True,False
575,0,3,male,16.0,0,0,A/4. 20589,8.05,,False,False,True
576,0,3,male,19.0,0,0,358585,14.5,,False,False,True
577,1,2,female,34.0,0,0,243880,13.0,,False,False,True
578,1,1,female,39.0,1,0,13507,55.9,E44,False,False,True
579,0,3,female,29.69911764705882,1,0,2689,14.4583,,True,False,False
580,1,3,male,32.0,0,0,STON/O 2. 3101286,7.925,,False,False,True
581,1,2,female,25.0,1,1,237789,30.0,,False,False,True
582,1,1,female,39.0,1,1,17421,110.8833,C68,True,False,False
583,0,2,male,54.0,0,0,28403,26.0,,False,False,True
584,0,1,male,36.0,0,0,13049,40.125,A10,True,False,False
585,0,3,male,29.69911764705882,0,0,3411,8.7125,,True,False,False
586,1,1,female,18.0,0,2,110413,79.65,E68,False,False,True
587,0,2,male,47.0,0,0,237565,15.0,,False,False,True
588,1,1,male,60.0,1,1,13567,79.2,B41,True,False,False
589,0,3,male,22.0,0,0,14973,8.05,,False,False,True
590,0,3,male,29.69911764705882,0,0,A./5. 3235,8.05,,False,False,True
591,0,3,male,35.0,0,0,STON/O 2. 3101273,7.125,,False,False,True
592,1,1,female,52.0,1,0,36947,78.2667,D20,True,False,False
593,0,3,male,47.0,0,0,A/5 3902,7.25,,False,False,True
594,0,3,female,29.69911764705882,0,2,364848,7.75,,False,True,False
595,0,2,male,37.0,1,0,SC/AH 29037,26.0,,False,False,True
596,0,3,male,36.0,1,1,345773,24.15,,False,False,True
597,1,2,female,29.69911764705882,0,0,248727,33.0,,False,False,True
598,0,3,male,49.0,0,0,LINE,0.0,,False,False,True
599,0,3,male,29.69911764705882,0,0,2664,7.225,,True,False,False
600,1,1,male,49.0,1,0,PC 17485,56.9292,A20,True,False,False
601,1,2,female,24.0,2,1,243847,27.0,,False,False,True
602,0,3,male,29.69911764705882,0,0,349214,7.8958,,False,False,True
603,0,1,male,29.69911764705882,0,0,113796,42.4,,False,False,True
604,0,3,male,44.0,0,0,364511,8.05,,False,False,True
605,1,1,male,35.0,0,0,111426,26.55,,True,False,False
606,0,3,male,36.0,1,0,349910,15.55,,False,False,True
607,0,3,male,30.0,0,0,349246,7.8958,,False,False,True
608,1,1,male,27.0,0,0,113804,30.5,,False,False,True
609,1,2,female,22.0,1,2,SC/Paris 2123,41.5792,,True,False,False
610,1,1,female,40.0,0,0,PC 17582,153.4625,C125,False,False,True
611,0,3,female,39.0,1,5,347082,31.275,,False,False,True
612,0,3,male,29.69911764705882,0,0,SOTON/O.Q. 3101305,7.05,,False,False,True
613,1,3,female,29.69911764705882,1,0,367230,15.5,,False,True,False
614,0,3,male,29.69911764705882,0,0,370377,7.75,,False,True,False
615,0,3,male,35.0,0,0,364512,8.05,,False,False,True
616,1,2,female,24.0,1,2,220845,65.0,,False,False,True
617,0,3,male,34.0,1,1,347080,14.4,,False,False,True
618,0,3,female,26.0,1,0,A/5. 3336,16.1,,False,False,True
619,1,2,female,4.0,2,1,230136,39.0,F4,False,False,True
620,0,2,male,26.0,0,0,31028,10.5,,False,False,True
621,0,3,male,27.0,1,0,2659,14.4542,,True,False,False
622,1,1,male,42.0,1,0,11753,52.5542,D19,False,False,True
623,1,3,male,20.0,1,1,2653,15.7417,,True,False,False
624,0,3,male,21.0,0,0,350029,7.8542,,False,False,True
625,0,3,male,21.0,0,0,54636,16.1,,False,False,True
626,0,1,male,61.0,0,0,36963,32.3208,D50,False,False,True
627,0,2,male,57.0,0,0,219533,12.35,,False,True,False
628,1,1,female,21.0,0,0,13502,77.9583,D9,False,False,True
629,0,3,male,26.0,0,0,349224,7.8958,,False,False,True
630,0,3,male,29.69911764705882,0,0,334912,7.7333,,False,True,False
631,1,1,male,80.0,0,0,27042,30.0,A23,False,False,True
632,0,3,male,51.0,0,0,347743,7.0542,,False,False,True
633,1,1,male,32.0,0,0,13214,30.5,B50,True,False,False
634,0,1,male,29.69911764705882,0,0,112052,0.0,,False,False,True
635,0,3,female,9.0,3,2,347088,27.9,,False,False,True
636,1,2,female,28.0,0,0,237668,13.0,,False,False,True
637,0,3,male,32.0,0,0,STON/O 2. 3101292,7.925,,False,False,True
638,0,2,male,31.0,1,1,C.A. 31921,26.25,,False,False,True
639,0,3,female,41.0,0,5,3101295,39.6875,,False,False,True
640,0,3,male,29.69911764705882,1,0,376564,16.1,,False,False,True
641,0,3,male,20.0,0,0,350050,7.8542,,False,False,True
642,1,1,female,24.0,0,0,PC 17477,69.3,B35,True,False,False
643,0,3,female,2.0,3,2,347088,27.9,,False,False,True
644,1,3,male,29.69911764705882,0,0,1601,56.4958,,False,False,True
645,1,3,female,0.75,2,1,2666,19.2583,,True,False,False
646,1,1,male,48.0,1,0,PC 17572,76.7292,D33,True,False,False
647,0,3,male,19.0,0,0,349231,7.8958,,False,False,True
648,1,1,male,56.0,0,0,13213,35.5,A26,True,False,False
649,0,3,male,29.69911764705882,0,0,S.O./P.P. 751,7.55,,False,False,True
650,1,3,female,23.0,0,0,CA. 2314,7.55,,False,False,True
651,0,3,male,29.69911764705882,0,0,349221,7.8958,,False,False,True
652,1,2,female,18.0,0,1,231919,23.0,,False,False,True
653,0,3,male,21.0,0,0,8475,8.4333,,False,False,True
654,1,3,female,29.69911764705882,0,0,330919,7.8292,,False,True,False
655,0,3,female,18.0,0,0,365226,6.75,,False,True,False
656,0,2,male,24.0,2,0,S.O.C. 14879,73.5,,False,False,True
657,0,3,male,29.69911764705882,0,0,349223,7.8958,,False,False,True
658,0,3,female,32.0,1,1,364849,15.5,,False,True,False
659,0,2,male,23.0,0,0,29751,13.0,,False,False,True
660,0,1,male,58.0,0,2,35273,113.275,D48,True,False,False
661,1,1,male,50.0,2,0,PC 17611,133.65,,False,False,True
662,0,3,male,40.0,0,0,2623,7.225,,True,False,False
663,0,1,male,47.0,0,0,5727,25.5875,E58,False,False,True
664,0,3,male,36.0,0,0,349210,7.4958,,False,False,True
665,1,3,male,20.0,1,0,STON/O 2. 3101285,7.925,,False,False,True
666,0,2,male,32.0,2,0,S.O.C. 14879,73.5,,False,False,True
667,0,2,male,25.0,0,0,234686,13.0,,False,False,True
668,0,3,male,29.69911764705882,0,0,312993,7.775,,False,False,True
669,0,3,male,43.0,0,0,A/5 3536,8.05,,False,False,True
670,1,1,female,29.69911764705882,1,0,19996,52.0,C126,False,False,True
671,1,2,female,40.0,1,1,29750,39.0,,False,False,True
672,0,1,male,31.0,1,0,F.C. 12750,52.0,B71,False,False,True
673,0,2,male,70.0,0,0,C.A. 24580,10.5,,False,False,True
674,1,2,male,31.0,0,0,244270,13.0,,False,False,True
675,0,2,male,29.69911764705882,0,0,239856,0.0,,False,False,True
676,0,3,male,18.0,0,0,349912,7.775,,False,False,True
677,0,3,male,24.5,0,0,342826,8.05,,False,False,True
678,1,3,female,18.0,0,0,4138,9.8417,,False,False,True
679,0,3,female,43.0,1,6,CA 2144,46.9,,False,False,True
680,1,1,male,36.0,0,1,PC 17755,512.3292,B51 B53 B55,True,False,False
681,0,3,female,29.69911764705882,0,0,330935,8.1375,,False,True,False
682,1,1,male,27.0,0,0,PC 17572,76.7292,D49,True,False,False
683,0,3,male,20.0,0,0,6563,9.225,,False,False,True
684,0,3,male,14.0,5,2,CA 2144,46.9,,False,False,True
685,0,2,male,60.0,1,1,29750,39.0,,False,False,True
686,0,2,male,25.0,1,2,SC/Paris 2123,41.5792,,True,False,False
687,0,3,male,14.0,4,1,3101295,39.6875,,False,False,True
688,0,3,male,19.0,0,0,349228,10.1708,,False,False,True
689,0,3,male,18.0,0,0,350036,7.7958,,False,False,True
690,1,1,female,15.0,0,1,24160,211.3375,B5,False,False,True
691,1,1,male,31.0,1,0,17474,57.0,B20,False,False,True
692,1,3,female,4.0,0,1,349256,13.4167,,True,False,False
693,1,3,male,29.69911764705882,0,0,1601,56.4958,,False,False,True
694,0,3,male,25.0,0,0,2672,7.225,,True,False,False
695,0,1,male,60.0,0,0,113800,26.55,,False,False,True
696,0,2,male,52.0,0,0,248731,13.5,,False,False,True
697,0,3,male,44.0,0,0,363592,8.05,,False,False,True
698,1,3,female,29.69911764705882,0,0,35852,7.7333,,False,True,False
699,0,1,male,49.0,1,1,17421,110.8833,C68,True,False,False
700,0,3,male,42.0,0,0,348121,7.65,F G63,False,False,True
701,1,1,female,18.0,1,0,PC 17757,227.525,C62 C64,True,False,False
702,1,1,male,35.0,0,0,PC 17475,26.2875,E24,False,False,True
703,0,3,female,18.0,0,1,2691,14.4542,,True,False,False
704,0,3,male,25.0,0,0,36864,7.7417,,False,True,False
705,0,3,male,26.0,1,0,350025,7.8542,,False,False,True
706,0,2,male,39.0,0,0,250655,26.0,,False,False,True
707,1,2,female,45.0,0,0,223596,13.5,,False,False,True
708,1,1,male,42.0,0,0,PC 17476,26.2875,E24,False,False,True
709,1,1,female,22.0,0,0,113781,151.55,,False,False,True
710,1,3,male,29.69911764705882,1,1,2661,15.2458,,True,False,False
711,1,1,female,24.0,0,0,PC 17482,49.5042,C90,True,False,False
712,0,1,male,29.69911764705882,0,0,113028,26.55,C124,False,False,True
713,1,1,male,48.0,1,0,19996,52.0,C126,False,False,True
714,0,3,male,29.0,0,0,7545,9.4833,,False,False,True
715,0,2,male,52.0,0,0,250647,13.0,,False,False,True
716,0,3,male,19.0,0,0,348124,7.65,F G73,False,False,True
717,1,1,female,38.0,0,0,PC 17757,227.525,C45,True,False,False
718,1,2,female,27.0,0,0,34218,10.5,E101,False,False,True
719,0,3,male,29.69911764705882,0,0,36568,15.5,,False,True,False
720,0,3,male,33.0,0,0,347062,7.775,,False,False,True
721,1,2,female,6.0,0,1,248727,33.0,,False,False,True
722,0,3,male,17.0,1,0,350048,7.0542,,False,False,True
723,0,2,male,34.0,0,0,12233,13.0,,False,False,True
724,0,2,male,50.0,0,0,250643,13.0,,False,False,True
725,1,1,male,27.0,1,0,113806,53.1,E8,False,False,True
726,0,3,male,20.0,0,0,315094,8.6625,,False,False,True
727,1,2,female,30.0,3,0,31027,21.0,,False,False,True
728,1,3,female,29.69911764705882,0,0,36866,7.7375,,False,True,False
729,0,2,male,25.0,1,0,236853,26.0,,False,False,True
730,0,3,female,25.0,1,0,STON/O2. 3101271,7.925,,False,False,True
731,1,1,female,29.0,0,0,24160,211.3375,B5,False,False,True
732,0,3,male,11.0,0,0,2699,18.7875,,True,False,False
733,0,2,male,29.69911764705882,0,0,239855,0.0,,False,False,True
734,0,2,male,23.0,0,0,28425,13.0,,False,False,True
735,0,2,male,23.0,0,0,233639,13.0,,False,False,True
736,0,3,male,28.5,0,0,54636,16.1,,False,False,True
737,0,3,female,48.0,1,3,W./C. 6608,34.375,,False,False,True
738,1,1,male,35.0,0,0,PC 17755,512.3292,B101,True,False,False
739,0,3,male,29.69911764705882,0,0,349201,7.8958,,False,False,True
740,0,3,male,29.69911764705882,0,0,349218,7.8958,,False,False,True
741,1,1,male,29.69911764705882,0,0,16988,30.0,D45,False,False,True
742,0,1,male,36.0,1,0,19877,78.85,C46,False,False,True
743,1,1,female,21.0,2,2,PC 17608,262.375,B57 B59 B63 B66,True,False,False
744,0,3,male,24.0,1,0,376566,16.1,,False,False,True
745,1,3,male,31.0,0,0,STON/O 2. 3101288,7.925,,False,False,True
746,0,1,male,70.0,1,1,WE/P 5735,71.0,B22,False,False,True
747,0,3,male,16.0,1,1,C.A. 2673,20.25,,False,False,True
748,1,2,female,30.0,0,0,250648,13.0,,False,False,True
749,0,1,male,19.0,1,0,113773,53.1,D30,False,False,True
750,0,3,male,31.0,0,0,335097,7.75,,False,True,False
751,1,2,female,4.0,1,1,29103,23.0,,False,False,True
752,1,3,male,6.0,0,1,392096,12.475,E121,False,False,True
753,0,3,male,33.0,0,0,345780,9.5,,False,False,True
754,0,3,male,23.0,0,0,349204,7.8958,,False,False,True
755,1,2,female,48.0,1,2,220845,65.0,,False,False,True
756,1,2,male,0.67,1,1,250649,14.5,,False,False,True
757,0,3,male,28.0,0,0,350042,7.7958,,False,False,True
758,0,2,male,18.0,0,0,29108,11.5,,False,False,True
759,0,3,male,34.0,0,0,363294,8.05,,False,False,True
760,1,1,female,33.0,0,0,110152,86.5,B77,False,False,True
761,0,3,male,29.69911764705882,0,0,358585,14.5,,False,False,True
762,0,3,male,41.0,0,0,SOTON/O2 3101272,7.125,,False,False,True
763,1,3,male,20.0,0,0,2663,7.2292,,True,False,False
764,1,1,female,36.0,1,2,113760,120.0,B96 B98,False,False,True
765,0,3,male,16.0,0,0,347074,7.775,,False,False,True
766,1,1,female,51.0,1,0,13502,77.9583,D11,False,False,True
767,0,1,male,29.69911764705882,0,0,112379,39.6,,True,False,False
768,0,3,female,30.5,0,0,364850,7.75,,False,True,False
769,0,3,male,29.69911764705882,1,0,371110,24.15,,False,True,False
770,0,3,male,32.0,0,0,8471,8.3625,,False,False,True
771,0,3,male,24.0,0,0,345781,9.5,,False,False,True
772,0,3,male,48.0,0,0,350047,7.8542,,False,False,True
773,0,2,female,57.0,0,0,S.O./P.P. 3,10.5,E77,False,False,True
774,0,3,male,29.69911764705882,0,0,2674,7.225,,True,False,False
775,1,2,female,54.0,1,3,29105,23.0,,False,False,True
776,0,3,male,18.0,0,0,347078,7.75,,False,False,True
777,0,3,male,29.69911764705882,0,0,383121,7.75,F38,False,True,False
778,1,3,female,5.0,0,0,364516,12.475,,False,False,True
779,0,3,male,29.69911764705882,0,0,36865,7.7375,,False,True,False
780,1,1,female,43.0,0,1,24160,211.3375,B3,False,False,True
781,1,3,female,13.0,0,0,2687,7.2292,,True,False,False
782,1,1,female,17.0,1,0,17474,57.0,B20,False,False,True
783,0,1,male,29.0,0,0,113501,30.0,D6,False,False,True
784,0,3,male,29.69911764705882,1,2,W./C. 6607,23.45,,False,False,True
785,0,3,male,25.0,0,0,SOTON/O.Q. 3101312,7.05,,False,False,True
786,0,3,male,25.0,0,0,374887,7.25,,False,False,True
787,1,3,female,18.0,0,0,3101265,7.4958,,False,False,True
788,0,3,male,8.0,4,1,382652,29.125,,False,True,False
789,1,3,male,1.0,1,2,C.A. 2315,20.575,,False,False,True
790,0,1,male,46.0,0,0,PC 17593,79.2,B82 B84,True,False,False
791,0,3,male,29.69911764705882,0,0,12460,7.75,,False,True,False
792,0,2,male,16.0,0,0,239865,26.0,,False,False,True
793,0,3,female,29.69911764705882,8,2,CA. 2343,69.55,,False,False,True
794,0,1,male,29.69911764705882,0,0,PC 17600,30.6958,,True,False,False
795,0,3,male,25.0,0,0,349203,7.8958,,False,False,True
796,0,2,male,39.0,0,0,28213,13.0,,False,False,True
797,1,1,female,49.0,0,0,17465,25.9292,D17,False,False,True
798,1,3,female,31.0,0,0,349244,8.6833,,False,False,True
799,0,3,male,30.0,0,0,2685,7.2292,,True,False,False
800,0,3,female,30.0,1,1,345773,24.15,,False,False,True
801,0,2,male,34.0,0,0,250647,13.0,,False,False,True
802,1,2,female,31.0,1,1,C.A. 31921,26.25,,False,False,True
803,1,1,male,11.0,1,2,113760,120.0,B96 B98,False,False,True
804,1,3,male,0.42,0,1,2625,8.5167,,True,False,False
805,1,3,male,27.0,0,0,347089,6.975,,False,False,True
806,0,3,male,31.0,0,0,347063,7.775,,False,False,True
807,0,1,male,39.0,0,0,112050,0.0,A36,False,False,True
808,0,3,female,18.0,0,0,347087,7.775,,False,False,True
809,0,2,male,39.0,0,0,248723,13.0,,False,False,True
810,1,1,female,33.0,1,0,113806,53.1,E8,False,False,True
811,0,3,male,26.0,0,0,3474,7.8875,,False,False,True
812,0,3,male,39.0,0,0,A/4 48871,24.15,,False,False,True
813,0,2,male,35.0,0,0,28206,10.5,,False,False,True
814,0,3,female,6.0,4,2,347082,31.275,,False,False,True
815,0,3,male,30.5,0,0,364499,8.05,,False,False,True
816,0,1,male,29.69911764705882,0,0,112058,0.0,B102,False,False,True
817,0,3,female,23.0,0,0,STON/O2. 3101290,7.925,,False,False,True
818,0,2,male,31.0,1,1,S.C./PARIS 2079,37.0042,,True,False,False
819,0,3,male,43.0,0,0,C 7075,6.45,,False,False,True
820,0,3,male,10.0,3,2,347088,27.9,,False,False,True
821,1,1,female,52.0,1,1,12749,93.5,B69,False,False,True
822,1,3,male,27.0,0,0,315098,8.6625,,False,False,True
823,0,1,male,38.0,0,0,19972,0.0,,False,False,True
824,1,3,female,27.0,0,1,392096,12.475,E121,False,False,True
825,0,3,male,2.0,4,1,3101295,39.6875,,False,False,True
826,0,3,male,29.69911764705882,0,0,368323,6.95,,False,True,False
827,0,3,male,29.69911764705882,0,0,1601,56.4958,,False,False,True
828,1,2,male,1.0,0,2,S.C./PARIS 2079,37.0042,,True,False,False
829,1,3,male,29.69911764705882,0,0,367228,7.75,,False,True,False
830,1,1,female,62.0,0,0,113572,80.0,B28,False,False,False
831,1,3,female,15.0,1,0,2659,14.4542,,True,False,False
832,1,2,male,0.83,1,1,29106,18.75,,False,False,True
833,0,3,male,29.69911764705882,0,0,2671,7.2292,,True,False,False
834,0,3,male,23.0,0,0,347468,7.8542,,False,False,True
835,0,3,male,18.0,0,0,2223,8.3,,False,False,True
836,1,1,female,39.0,1,1,PC 17756,83.1583,E49,True,False,False
837,0,3,male,21.0,0,0,315097,8.6625,,False,False,True
838,0,3,male,29.69911764705882,0,0,392092,8.05,,False,False,True
839,1,3,male,32.0,0,0,1601,56.4958,,False,False,True
840,1,1,male,29.69911764705882,0,0,11774,29.7,C47,True,False,False
841,0,3,male,20.0,0,0,SOTON/O2 3101287,7.925,,False,False,True
842,0,2,male,16.0,0,0,S.O./P.P. 3,10.5,,False,False,True
843,1,1,female,30.0,0,0,113798,31.0,,True,False,False
844,0,3,male,34.5,0,0,2683,6.4375,,True,False,False
845,0,3,male,17.0,0,0,315090,8.6625,,False,False,True
846,0,3,male,42.0,0,0,C.A. 5547,7.55,,False,False,True
847,0,3,male,29.69911764705882,8,2,CA. 2343,69.55,,False,False,True
848,0,3,male,35.0,0,0,349213,7.8958,,True,False,False
849,0,2,male,28.0,0,1,248727,33.0,,False,False,True
850,1,1,female,29.69911764705882,1,0,17453,89.1042,C92,True,False,False
851,0,3,male,4.0,4,2,347082,31.275,,False,False,True
852,0,3,male,74.0,0,0,347060,7.775,,False,False,True
853,0,3,female,9.0,1,1,2678,15.2458,,True,False,False
854,1,1,female,16.0,0,1,PC 17592,39.4,D28,False,False,True
855,0,2,female,44.0,1,0,244252,26.0,,False,False,True
856,1,3,female,18.0,0,1,392091,9.35,,False,False,True
857,1,1,female,45.0,1,1,36928,164.8667,,False,False,True
858,1,1,male,51.0,0,0,113055,26.55,E17,False,False,True
859,1,3,female,24.0,0,3,2666,19.2583,,True,False,False
860,0,3,male,29.69911764705882,0,0,2629,7.2292,,True,False,False
861,0,3,male,41.0,2,0,350026,14.1083,,False,False,True
862,0,2,male,21.0,1,0,28134,11.5,,False,False,True
863,1,1,female,48.0,0,0,17466,25.9292,D17,False,False,True
864,0,3,female,29.69911764705882,8,2,CA. 2343,69.55,,False,False,True
865,0,2,male,24.0,0,0,233866,13.0,,False,False,True
866,1,2,female,42.0,0,0,236852,13.0,,False,False,True
867,1,2,female,27.0,1,0,SC/PARIS 2149,13.8583,,True,False,False
868,0,1,male,31.0,0,0,PC 17590,50.4958,A24,False,False,True
869,0,3,male,29.69911764705882,0,0,345777,9.5,,False,False,True
870,1,3,male,4.0,1,1,347742,11.1333,,False,False,True
871,0,3,male,26.0,0,0,349248,7.8958,,False,False,True
872,1,1,female,47.0,1,1,11751,52.5542,D35,False,False,True
873,0,1,male,33.0,0,0,695,5.0,B51 B53 B55,False,False,True
874,0,3,male,47.0,0,0,345765,9.0,,False,False,True
875,1,2,female,28.0,1,0,P/PP 3381,24.0,,True,False,False
876,1,3,female,15.0,0,0,2667,7.225,,True,False,False
877,0,3,male,20.0,0,0,7534,9.8458,,False,False,True
878,0,3,male,19.0,0,0,349212,7.8958,,False,False,True
879,0,3,male,29.69911764705882,0,0,349217,7.8958,,False,False,True
880,1,1,female,56.0,0,1,11767,83.1583,C50,True,False,False
881,1,2,female,25.0,0,1,230433,26.0,,False,False,True
882,0,3,male,33.0,0,0,349257,7.8958,,False,False,True
883,0,3,female,22.0,0,0,7552,10.5167,,False,False,True
884,0,2,male,28.0,0,0,C.A./SOTON 34068,10.5,,False,False,True
885,0,3,male,25.0,0,0,SOTON/OQ 392076,7.05,,False,False,True
886,0,3,female,39.0,0,5,382652,29.125,,False,True,False
887,0,2,male,27.0,0,0,211536,13.0,,False,False,True
888,1,1,female,19.0,0,0,112053,30.0,B42,False,False,True
889,0,3,female,29.69911764705882,1,2,W./C. 6607,23.45,,False,False,True
890,1,1,male,26.0,0,0,111369,30.0,C148,True,False,False
891,0,3,male,32.0,0,0,370376,7.75,,False,True,False
